date_time,agent_name,prompt,generated_answer,input tokens,output tokens
2025-07-17 12:00:31,test,,,9,11
2025-07-17 13:00:31,test,,,8,10
2025-07-17 13:01:41,test,,,9,11
2025-07-17 13:18:28,MAIN_PRIVATE_AGENT,,,8,11
2025-07-17 13:18:28,MAIN_PRIVATE_AGENT,,,8,11
2025-07-17 13:29:07,MAIN_PRIVATE_AGENT,a,Hello! How can I assist you today? ğŸ˜Š,8,11
2025-07-17 13:31:34,MAIN_PRIVATE_AGENT,a,Hello! How can I assist you today? ğŸ˜Š,8,11
2025-07-17 13:36:17,MAIN_PRIVATE_AGENT,a,Hello! How can I assist you today?,8,10
2025-07-17 13:36:17,MAIN_PRIVATE_AGENT,a,Hello! How can I assist you today?,8,10
2025-07-17 13:31:34,MAIN_PRIVATE_AGENT,a,Hello! How can I assist you today? ğŸ˜Š,8,11
2025-07-17 13:36:17,MAIN_PRIVATE_AGENT,a,Hello! How can I assist you today?,8,10
2025-07-17 13:41:40,MAIN_PRIVATE_AGENT,a,Hello! How can I assist you today? ğŸ˜Š,8,11
2025-07-17 13:44:47,MAIN_PRIVATE_AGENT,a,Hello! How can I assist you today? ğŸ˜Š,8,11
2025-07-17 13:45:38,MAIN_PRIVATE_AGENT,a,Hello! How can I assist you today? ğŸ˜Š,8,11
2025-07-17 14:32:40,MAIN_PRIVATE_AGENT,"Answer the following questions as best you can. You have access to the following tools:

Search(tool_input: 'Union[str, dict[str, Any]]', verbose: 'Optional[bool]' = None, start_color: 'Optional[str]' = 'green', color: 'Optional[str]' = 'green', callbacks: 'Callbacks' = None, *, tags: 'Optional[list[str]]' = None, metadata: 'Optional[dict[str, Any]]' = None, run_name: 'Optional[str]' = None, run_id: 'Optional[uuid.UUID]' = None, config: 'Optional[RunnableConfig]' = None, tool_call_id: 'Optional[str]' = None, **kwargs: 'Any') -> 'Any' - Useful for answering questions about current or factual data
Calculator(x) - Useful for math operations like square roots, multipication, etc.

Use the following format:

Question: the input question you must answer
Thought: you should always think about what to do
Action: the action to take, should be one of [Search, Calculator]
Action Input: the input to the action
Observation: the result of the action
... (this Thought/Action/Action Input/Observation can repeat N times)
Thought: I now know the final answer
Final Answer: the final answer to the original input question

Begin!

Question: What is the population of Paris, and what is the square root of that number?
Thought:","I need to find the current population of Paris first, then calculate the square root of that number. 

Action: Search
Action Input: ""current population of Paris 2023""",303,37
2025-07-17 14:36:24,MAIN_PRIVATE_AGENT,a,Hello! How can I assist you today? ğŸ˜Š,8,11
2025-07-17 15:00:46,MAIN_PRIVATE_AGENT,"Answer the following questions as best you can. You have access to the following tools:

Search(tool_input: 'Union[str, dict[str, Any]]', verbose: 'Optional[bool]' = None, start_color: 'Optional[str]' = 'green', color: 'Optional[str]' = 'green', callbacks: 'Callbacks' = None, *, tags: 'Optional[list[str]]' = None, metadata: 'Optional[dict[str, Any]]' = None, run_name: 'Optional[str]' = None, run_id: 'Optional[uuid.UUID]' = None, config: 'Optional[RunnableConfig]' = None, tool_call_id: 'Optional[str]' = None, **kwargs: 'Any') -> 'Any' - Useful for answering questions about current or factual data
Calculator(num: int) -> str - Useful for math operations like square roots, multipication, etc.

Use the following format:

Question: the input question you must answer
Thought: you should always think about what to do
Action: the action to take, should be one of [Search, Calculator]
Action Input: the input to the action
Observation: the result of the action
... (this Thought/Action/Action Input/Observation can repeat N times)
Thought: I now know the final answer
Final Answer: the final answer to the original input question

Begin!

Question: What is the population of Paris, and what is the square root of that number?
Thought:","To answer this question, I need to find the current population of Paris and then calculate the square root of that number.

Action: Search
Action Input: ""current population of Paris 2023""",307,40
2025-07-17 15:05:34,MAIN_PRIVATE_AGENT,"Answer the following questions as best you can. You have access to the following tools:

Search(tool_input: 'Union[str, dict[str, Any]]', verbose: 'Optional[bool]' = None, start_color: 'Optional[str]' = 'green', color: 'Optional[str]' = 'green', callbacks: 'Callbacks' = None, *, tags: 'Optional[list[str]]' = None, metadata: 'Optional[dict[str, Any]]' = None, run_name: 'Optional[str]' = None, run_id: 'Optional[uuid.UUID]' = None, config: 'Optional[RunnableConfig]' = None, tool_call_id: 'Optional[str]' = None, **kwargs: 'Any') -> 'Any' - Useful for answering questions about current or factual data
Calculator(num: int) -> str - Useful for math operations like square roots, multipication, etc.

Use the following format:

Question: the input question you must answer
Thought: you should always think about what to do
Action: the action to take, should be one of [Search, Calculator]
Action Input: the input to the action
Observation: the result of the action
... (this Thought/Action/Action Input/Observation can repeat N times)
Thought: I now know the final answer
Final Answer: the final answer to the original input question

Begin!

Question: What is the population of Paris, and what is the square root of that number?
Thought:To answer this question, I need to find the current population of Paris and then calculate the square root of that number.

Action: Search
Action Input: ""current population of Paris 2023""
Observation: Apr 4, 2025 Â· p: Provisional value r: Revised value Scope: 75 - Paris Source: See documentation view Jan 24, 2025 Â· As of 2023, the population of Paris stands at approximately 2.1 million residents within the city limits. However, when considering the greater Paris metropolitan area, this â€¦ 240 rows Â· 2 days ago Â· This is a list of national capitals, ordered according to population. The population statistics given refer only to the official capital area, and do not include the wider â€¦ 5 days ago Â· The City of Paris is the centre of the Ãle-de-France region, or Paris Region, with an official estimated population of 12,271,794 in January 2023, or about 19% of the population of â€¦ Apr 4, 2025 Â· p : DonnÃ©e provisoire r : DonnÃ©e rÃ©visÃ©e Champ : 75 - Paris Source : Voir onglet Documentation
Thought:","The population of Paris within the city limits is approximately 2.1 million as of 2023. To find the square root of this number, I will now perform the calculation.

Action: Calculator
Action Input: 2100000",550,48
2025-07-17 15:08:01,MAIN_PRIVATE_AGENT,"Answer the following questions as best you can. You have access to the following tools:

Search(tool_input: 'Union[str, dict[str, Any]]', verbose: 'Optional[bool]' = None, start_color: 'Optional[str]' = 'green', color: 'Optional[str]' = 'green', callbacks: 'Callbacks' = None, *, tags: 'Optional[list[str]]' = None, metadata: 'Optional[dict[str, Any]]' = None, run_name: 'Optional[str]' = None, run_id: 'Optional[uuid.UUID]' = None, config: 'Optional[RunnableConfig]' = None, tool_call_id: 'Optional[str]' = None, **kwargs: 'Any') -> 'Any' - Useful for answering questions about current or factual data
Calculator(number: str) -> str - Useful for math operations like square roots, multipication, etc.

Use the following format:

Question: the input question you must answer
Thought: you should always think about what to do
Action: the action to take, should be one of [Search, Calculator]
Action Input: the input to the action
Observation: the result of the action
... (this Thought/Action/Action Input/Observation can repeat N times)
Thought: I now know the final answer
Final Answer: the final answer to the original input question

Begin!

Question: What is the population of Paris, and what is the square root of that number?
Thought:","I need to find the population of Paris first and then calculate the square root of that number.  
Action: Search  
Action Input: ""Population of Paris 2023""  ",307,37
2025-07-17 15:08:33,MAIN_PRIVATE_AGENT,"Answer the following questions as best you can. You have access to the following tools:

Search(tool_input: 'Union[str, dict[str, Any]]', verbose: 'Optional[bool]' = None, start_color: 'Optional[str]' = 'green', color: 'Optional[str]' = 'green', callbacks: 'Callbacks' = None, *, tags: 'Optional[list[str]]' = None, metadata: 'Optional[dict[str, Any]]' = None, run_name: 'Optional[str]' = None, run_id: 'Optional[uuid.UUID]' = None, config: 'Optional[RunnableConfig]' = None, tool_call_id: 'Optional[str]' = None, **kwargs: 'Any') -> 'Any' - Useful for answering questions about current or factual data
Calculator(number: str) -> str - Useful for math operations like square roots, multipication, etc.

Use the following format:

Question: the input question you must answer
Thought: you should always think about what to do
Action: the action to take, should be one of [Search, Calculator]
Action Input: the input to the action
Observation: the result of the action
... (this Thought/Action/Action Input/Observation can repeat N times)
Thought: I now know the final answer
Final Answer: the final answer to the original input question

Begin!

Question: What is the population of Paris, and what is the square root of that number?
Thought:I need to find the population of Paris first and then calculate the square root of that number.  
Action: Search  
Action Input: ""Population of Paris 2023""  
Observation: Dec 31, 2024 Â· Next releases Estimated resident population (2023-base): At 30 June 2023 â€“ with revised estimates up to 31 December 2024 â€“ will be released â€¦ Feb 18, 2025 Â· Find out about: population proportion of genders LGBTIQ+ community places of birth age ethnicity languages education industry income â€¦ Mar 31, 2025 Â· The estimated resident population of Aotearoa New Zealand was 5,330,600 (provisionally) at 31 March 2025. There were 2,680,100 females â€¦ Sep 30, 2023 Â· New Zealandâ€™s estimated resident population was provisionally 5,269,200 at 30 September 2023. Population clock New Zealandâ€™s population is estimated to increase by one person every 21 minutes and 2 seconds. This is based on the â€¦
Thought:","It seems the search result did not provide the population of Paris directly. I need to refine my search query to focus specifically on Paris.  
Action: Search  
Action Input: ""Current population of Paris 2023""  ",528,45
2025-07-17 15:09:22,MAIN_PRIVATE_AGENT,"Answer the following questions as best you can. You have access to the following tools:

Search(tool_input: 'Union[str, dict[str, Any]]', verbose: 'Optional[bool]' = None, start_color: 'Optional[str]' = 'green', color: 'Optional[str]' = 'green', callbacks: 'Callbacks' = None, *, tags: 'Optional[list[str]]' = None, metadata: 'Optional[dict[str, Any]]' = None, run_name: 'Optional[str]' = None, run_id: 'Optional[uuid.UUID]' = None, config: 'Optional[RunnableConfig]' = None, tool_call_id: 'Optional[str]' = None, **kwargs: 'Any') -> 'Any' - Useful for answering questions about current or factual data
Calculator(number: str) -> str - Useful for math operations like square roots, multipication, etc.

Use the following format:

Question: the input question you must answer
Thought: you should always think about what to do
Action: the action to take, should be one of [Search, Calculator]
Action Input: the input to the action
Observation: the result of the action
... (this Thought/Action/Action Input/Observation can repeat N times)
Thought: I now know the final answer
Final Answer: the final answer to the original input question

Begin!

Question: What is the population of Paris, and what is the square root of that number?
Thought:I need to find the population of Paris first and then calculate the square root of that number.  
Action: Search  
Action Input: ""Population of Paris 2023""  
Observation: Dec 31, 2024 Â· Next releases Estimated resident population (2023-base): At 30 June 2023 â€“ with revised estimates up to 31 December 2024 â€“ will be released â€¦ Feb 18, 2025 Â· Find out about: population proportion of genders LGBTIQ+ community places of birth age ethnicity languages education industry income â€¦ Mar 31, 2025 Â· The estimated resident population of Aotearoa New Zealand was 5,330,600 (provisionally) at 31 March 2025. There were 2,680,100 females â€¦ Sep 30, 2023 Â· New Zealandâ€™s estimated resident population was provisionally 5,269,200 at 30 September 2023. Population clock New Zealandâ€™s population is estimated to increase by one person every 21 minutes and 2 seconds. This is based on the â€¦
Thought:It seems the search result did not provide the population of Paris directly. I need to refine my search query to focus specifically on Paris.  
Action: Search  
Action Input: ""Current population of Paris 2023""  
Observation: Apr 4, 2025 Â· p: Provisional value r: Revised value Scope: 75 - Paris Source: See documentation view May 12, 2025 Â· This graph shows the estimated population in the city of Paris from 1989 to 2025. Apr 4, 2025 Â· The population of Paris (the capital of France) is approximately 2.087.600 as of 2024, according to official data from the French National Institute of Statistics (INSEE). Jan 24, 2025 Â· As of 2023, the population of Paris stands at approximately 2.1 million residents within the city limits. â€¦ 5 days ago Â· The City of Paris is the centre of the Ãle-de-France region, or â€¦
Thought:","The population of Paris in 2023 is approximately 2.1 million residents. Now, I will calculate the square root of this number.  
Action: Calculator  
Action Input: ""sqrt(2100000)""  ",735,45
2025-07-17 17:06:18,MAIN_PRIVATE_AGENT,"Answer the following questions as best you can. You have access to the following tools:

Search(tool_input: 'Union[str, dict[str, Any]]', verbose: 'Optional[bool]' = None, start_color: 'Optional[str]' = 'green', color: 'Optional[str]' = 'green', callbacks: 'Callbacks' = None, *, tags: 'Optional[list[str]]' = None, metadata: 'Optional[dict[str, Any]]' = None, run_name: 'Optional[str]' = None, run_id: 'Optional[uuid.UUID]' = None, config: 'Optional[RunnableConfig]' = None, tool_call_id: 'Optional[str]' = None, **kwargs: 'Any') -> 'Any' - Useful for answering questions about current or factual data
Calculator(number: int) -> str - Useful for math operations like square roots, multipication, etc.

Use the following format:

Question: the input question you must answer
Thought: you should always think about what to do
Action: the action to take, should be one of [Search, Calculator]
Action Input: the input to the action
Observation: the result of the action
... (this Thought/Action/Action Input/Observation can repeat N times)
Thought: I now know the final answer
Final Answer: the final answer to the original input question

Begin!

Question: What is the population of Paris, and what is the square root of that number?
Thought:","I need to find the population of Paris first and then calculate the square root of that number.  
Action: Search  
Action Input: ""Population of Paris 2023""  ",307,37
2025-07-17 17:06:49,MAIN_PRIVATE_AGENT,"Answer the following questions as best you can. You have access to the following tools:

Search(tool_input: 'Union[str, dict[str, Any]]', verbose: 'Optional[bool]' = None, start_color: 'Optional[str]' = 'green', color: 'Optional[str]' = 'green', callbacks: 'Callbacks' = None, *, tags: 'Optional[list[str]]' = None, metadata: 'Optional[dict[str, Any]]' = None, run_name: 'Optional[str]' = None, run_id: 'Optional[uuid.UUID]' = None, config: 'Optional[RunnableConfig]' = None, tool_call_id: 'Optional[str]' = None, **kwargs: 'Any') -> 'Any' - Useful for answering questions about current or factual data
Calculator(number: int) -> str - Useful for math operations like square roots, multipication, etc.

Use the following format:

Question: the input question you must answer
Thought: you should always think about what to do
Action: the action to take, should be one of [Search, Calculator]
Action Input: the input to the action
Observation: the result of the action
... (this Thought/Action/Action Input/Observation can repeat N times)
Thought: I now know the final answer
Final Answer: the final answer to the original input question

Begin!

Question: What is the population of Paris, and what is the square root of that number?
Thought:I need to find the population of Paris first and then calculate the square root of that number.  
Action: Search  
Action Input: ""Population of Paris 2023""  
Observation: 2 days ago Â· ChatGPT ä¸­æ–‡ç‰ˆå’Œå®˜ç½‘æœ‰ä½•ä¸åŒï¼Ÿ ä¸­æ–‡ç‰ˆä¸ºå›½å†…ç”¨æˆ·ä¼˜åŒ–ï¼Œæä¾›æ›´å¿«çš„è®¿é—®ã€‚è€Œå®˜ç½‘éœ€ç¿»å¢™ã€‚ ä¸­æ–‡ç‰ˆæ”¯æŒ GPT-4 å—ï¼Ÿ æ˜¯çš„ï¼Œæ”¯æŒ GPT-4 å’Œ GPT-3.5ã€‚ æ˜¯å¦å…è´¹è¯•ç”¨ï¼Ÿ å¤šæ•°é•œåƒç«™æä¾›å… â€¦ May 27, 2025 Â· ChatGPTå®˜ç½‘ | ChatGPTä¸­æ–‡ç‰ˆ æœ€æ–°ä½¿ç”¨æŒ‡å—ã€2025å¹´4æœˆã€‘. Contribute to chatgpt-zh/chatgpt-china-guide development by creating an account on GitHub. 1 day ago Â· Works with GPT-3.5 For GPT-4o / GPT-4, it works for legal purposes only and is not tolerant of illegal activities This is the shortest jailbreak/normal prompt I've ever created. For the â€¦ Apr 22, 2024 Â· ChatGPT (OpenAI chat gpt) Ä‘ang trá»Ÿ thÃ nh má»™t trÃ o lÆ°u táº¡i Viá»‡t Nam. ÄÃ¢y lÃ  trÃ­ tuá»‡ nhÃ¢n táº¡o AI sá»­ dá»¥ng trÃªn trÃ¬nh duyá»‡t web vÃ  chÆ°a cÃ³ á»©ng dá»¥ng chÃ­nh thá»©c. Sau Ä‘Ã¢y lÃ  hÆ°á»›ng dáº«n â€¦ 3 days ago Â· ChatGPT é•œåƒç½‘ç«™ ï¼ˆMirror Siteï¼‰æ˜¯ä¸€ä¸ªä¸ºæ»¡è¶³ç‰¹å®šç”¨æˆ·ä½¿ç”¨éœ€æ±‚è€Œæ­å»ºçš„è®¿é—®ç«™ç‚¹ï¼Œé€šå¸¸å°†åŸå§‹æœåŠ¡åŒæ­¥åˆ°å›½å†…æœåŠ¡å™¨ï¼Œä¼˜åŒ–è®¿é—®é€Ÿåº¦ï¼Œæå‡ç½‘ç»œè¿æ¥æ€§èƒ½ã€‚ åœ¨å›½å†…ï¼ŒChatGPT çš„å®˜æ–¹ç«™ â€¦
Thought:","It seems the search did not yield the desired information about the population of Paris. I will refine the search query to focus specifically on the population of Paris in 2023.  
Action: Search  
Action Input: ""Paris population 2023 estimate""  ",631,52
2025-07-17 17:07:14,MAIN_PRIVATE_AGENT,"Answer the following questions as best you can. You have access to the following tools:

Search(tool_input: 'Union[str, dict[str, Any]]', verbose: 'Optional[bool]' = None, start_color: 'Optional[str]' = 'green', color: 'Optional[str]' = 'green', callbacks: 'Callbacks' = None, *, tags: 'Optional[list[str]]' = None, metadata: 'Optional[dict[str, Any]]' = None, run_name: 'Optional[str]' = None, run_id: 'Optional[uuid.UUID]' = None, config: 'Optional[RunnableConfig]' = None, tool_call_id: 'Optional[str]' = None, **kwargs: 'Any') -> 'Any' - Useful for answering questions about current or factual data
Calculator(number: int) -> str - Useful for math operations like square roots, multipication, etc.

Use the following format:

Question: the input question you must answer
Thought: you should always think about what to do
Action: the action to take, should be one of [Search, Calculator]
Action Input: the input to the action
Observation: the result of the action
... (this Thought/Action/Action Input/Observation can repeat N times)
Thought: I now know the final answer
Final Answer: the final answer to the original input question

Begin!

Question: What is the population of Paris, and what is the square root of that number?
Thought:I need to find the population of Paris first and then calculate the square root of that number.  
Action: Search  
Action Input: ""Population of Paris 2023""  
Observation: 2 days ago Â· ChatGPT ä¸­æ–‡ç‰ˆå’Œå®˜ç½‘æœ‰ä½•ä¸åŒï¼Ÿ ä¸­æ–‡ç‰ˆä¸ºå›½å†…ç”¨æˆ·ä¼˜åŒ–ï¼Œæä¾›æ›´å¿«çš„è®¿é—®ã€‚è€Œå®˜ç½‘éœ€ç¿»å¢™ã€‚ ä¸­æ–‡ç‰ˆæ”¯æŒ GPT-4 å—ï¼Ÿ æ˜¯çš„ï¼Œæ”¯æŒ GPT-4 å’Œ GPT-3.5ã€‚ æ˜¯å¦å…è´¹è¯•ç”¨ï¼Ÿ å¤šæ•°é•œåƒç«™æä¾›å… â€¦ May 27, 2025 Â· ChatGPTå®˜ç½‘ | ChatGPTä¸­æ–‡ç‰ˆ æœ€æ–°ä½¿ç”¨æŒ‡å—ã€2025å¹´4æœˆã€‘. Contribute to chatgpt-zh/chatgpt-china-guide development by creating an account on GitHub. 1 day ago Â· Works with GPT-3.5 For GPT-4o / GPT-4, it works for legal purposes only and is not tolerant of illegal activities This is the shortest jailbreak/normal prompt I've ever created. For the â€¦ Apr 22, 2024 Â· ChatGPT (OpenAI chat gpt) Ä‘ang trá»Ÿ thÃ nh má»™t trÃ o lÆ°u táº¡i Viá»‡t Nam. ÄÃ¢y lÃ  trÃ­ tuá»‡ nhÃ¢n táº¡o AI sá»­ dá»¥ng trÃªn trÃ¬nh duyá»‡t web vÃ  chÆ°a cÃ³ á»©ng dá»¥ng chÃ­nh thá»©c. Sau Ä‘Ã¢y lÃ  hÆ°á»›ng dáº«n â€¦ 3 days ago Â· ChatGPT é•œåƒç½‘ç«™ ï¼ˆMirror Siteï¼‰æ˜¯ä¸€ä¸ªä¸ºæ»¡è¶³ç‰¹å®šç”¨æˆ·ä½¿ç”¨éœ€æ±‚è€Œæ­å»ºçš„è®¿é—®ç«™ç‚¹ï¼Œé€šå¸¸å°†åŸå§‹æœåŠ¡åŒæ­¥åˆ°å›½å†…æœåŠ¡å™¨ï¼Œä¼˜åŒ–è®¿é—®é€Ÿåº¦ï¼Œæå‡ç½‘ç»œè¿æ¥æ€§èƒ½ã€‚ åœ¨å›½å†…ï¼ŒChatGPT çš„å®˜æ–¹ç«™ â€¦
Thought:It seems the search did not yield the desired information about the population of Paris. I will refine the search query to focus specifically on the population of Paris in 2023.  
Action: Search  
Action Input: ""Paris population 2023 estimate""  
Observation: Carte et plan gÃ©ographique de Paris avec villes, axes principaux, parcs nationaux, riviÃ¨res et fleuves. PrÃ©parez votre voyage Ã  Paris avec des itinÃ©raires incontournables, des infos pratiques et culturelles, des idÃ©es de voyage, des photos et un forum. DÃ©couvrez les incontournables de Paris avec Routard : activitÃ©s, itinÃ©raires, mÃ©tÃ©o et plus encore pour prÃ©parer votre voyage. May 2, 2024 Â· Week-end Ãle-de-France. Les beaux jours sont lÃ , câ€™est le moment de se programmer de belles escapades de fin de semaine. Pour vous inspirer, le Routard publie son â€¦ Nos suggestions d'itinÃ©raires et de circuits en fonction de la durÃ©e de votre sÃ©jour Paris.
Thought:","It seems the search results are not providing the population data directly. I will refine the query further to ensure I get the specific population figure for Paris in 2023.  
Action: Search  
Action Input: ""What is the population of Paris in 2023?""  ",839,55
2025-07-17 17:07:30,MAIN_PRIVATE_AGENT,"Answer the following questions as best you can. You have access to the following tools:

Search(tool_input: 'Union[str, dict[str, Any]]', verbose: 'Optional[bool]' = None, start_color: 'Optional[str]' = 'green', color: 'Optional[str]' = 'green', callbacks: 'Callbacks' = None, *, tags: 'Optional[list[str]]' = None, metadata: 'Optional[dict[str, Any]]' = None, run_name: 'Optional[str]' = None, run_id: 'Optional[uuid.UUID]' = None, config: 'Optional[RunnableConfig]' = None, tool_call_id: 'Optional[str]' = None, **kwargs: 'Any') -> 'Any' - Useful for answering questions about current or factual data
Calculator(number: int) -> str - Useful for math operations like square roots, multipication, etc.

Use the following format:

Question: the input question you must answer
Thought: you should always think about what to do
Action: the action to take, should be one of [Search, Calculator]
Action Input: the input to the action
Observation: the result of the action
... (this Thought/Action/Action Input/Observation can repeat N times)
Thought: I now know the final answer
Final Answer: the final answer to the original input question

Begin!

Question: What is the population of Paris, and what is the square root of that number?
Thought:I need to find the population of Paris first and then calculate the square root of that number.  
Action: Search  
Action Input: ""Population of Paris 2023""  
Observation: 2 days ago Â· ChatGPT ä¸­æ–‡ç‰ˆå’Œå®˜ç½‘æœ‰ä½•ä¸åŒï¼Ÿ ä¸­æ–‡ç‰ˆä¸ºå›½å†…ç”¨æˆ·ä¼˜åŒ–ï¼Œæä¾›æ›´å¿«çš„è®¿é—®ã€‚è€Œå®˜ç½‘éœ€ç¿»å¢™ã€‚ ä¸­æ–‡ç‰ˆæ”¯æŒ GPT-4 å—ï¼Ÿ æ˜¯çš„ï¼Œæ”¯æŒ GPT-4 å’Œ GPT-3.5ã€‚ æ˜¯å¦å…è´¹è¯•ç”¨ï¼Ÿ å¤šæ•°é•œåƒç«™æä¾›å… â€¦ May 27, 2025 Â· ChatGPTå®˜ç½‘ | ChatGPTä¸­æ–‡ç‰ˆ æœ€æ–°ä½¿ç”¨æŒ‡å—ã€2025å¹´4æœˆã€‘. Contribute to chatgpt-zh/chatgpt-china-guide development by creating an account on GitHub. 1 day ago Â· Works with GPT-3.5 For GPT-4o / GPT-4, it works for legal purposes only and is not tolerant of illegal activities This is the shortest jailbreak/normal prompt I've ever created. For the â€¦ Apr 22, 2024 Â· ChatGPT (OpenAI chat gpt) Ä‘ang trá»Ÿ thÃ nh má»™t trÃ o lÆ°u táº¡i Viá»‡t Nam. ÄÃ¢y lÃ  trÃ­ tuá»‡ nhÃ¢n táº¡o AI sá»­ dá»¥ng trÃªn trÃ¬nh duyá»‡t web vÃ  chÆ°a cÃ³ á»©ng dá»¥ng chÃ­nh thá»©c. Sau Ä‘Ã¢y lÃ  hÆ°á»›ng dáº«n â€¦ 3 days ago Â· ChatGPT é•œåƒç½‘ç«™ ï¼ˆMirror Siteï¼‰æ˜¯ä¸€ä¸ªä¸ºæ»¡è¶³ç‰¹å®šç”¨æˆ·ä½¿ç”¨éœ€æ±‚è€Œæ­å»ºçš„è®¿é—®ç«™ç‚¹ï¼Œé€šå¸¸å°†åŸå§‹æœåŠ¡åŒæ­¥åˆ°å›½å†…æœåŠ¡å™¨ï¼Œä¼˜åŒ–è®¿é—®é€Ÿåº¦ï¼Œæå‡ç½‘ç»œè¿æ¥æ€§èƒ½ã€‚ åœ¨å›½å†…ï¼ŒChatGPT çš„å®˜æ–¹ç«™ â€¦
Thought:It seems the search did not yield the desired information about the population of Paris. I will refine the search query to focus specifically on the population of Paris in 2023.  
Action: Search  
Action Input: ""Paris population 2023 estimate""  
Observation: Carte et plan gÃ©ographique de Paris avec villes, axes principaux, parcs nationaux, riviÃ¨res et fleuves. PrÃ©parez votre voyage Ã  Paris avec des itinÃ©raires incontournables, des infos pratiques et culturelles, des idÃ©es de voyage, des photos et un forum. DÃ©couvrez les incontournables de Paris avec Routard : activitÃ©s, itinÃ©raires, mÃ©tÃ©o et plus encore pour prÃ©parer votre voyage. May 2, 2024 Â· Week-end Ãle-de-France. Les beaux jours sont lÃ , câ€™est le moment de se programmer de belles escapades de fin de semaine. Pour vous inspirer, le Routard publie son â€¦ Nos suggestions d'itinÃ©raires et de circuits en fonction de la durÃ©e de votre sÃ©jour Paris.
Thought:It seems the search results are not providing the population data directly. I will refine the query further to ensure I get the specific population figure for Paris in 2023.  
Action: Search  
Action Input: ""What is the population of Paris in 2023?""  
Observation: Gejagt, gehetzt, gefangen : Kriminalstories McKimmey, James - Reinbek bei Hamburg : Rowohlt Taschenbuch Verlag GmbH , 1970. ISBN: 3499421925 Zustand: gebraucht; gut 6,19 â‚¬ â€¦ Gejagt, gehetzt, gefangen. Kriminalstories. Taschenbuch â€“ 1. Januar 1970 von James McKimmey (Autor) Gejagt, gehetzt, gefangen : Kriminalstories. Nr.2192 von MacKimmey, James: und eine groÃŸe Auswahl Ã¤hnlicher BÃ¼cher, Kunst und SammlerstÃ¼cke erhÃ¤ltlich auf ZVAB.com. Entdecken Sie Gejagt Gehetzt Gefangen. McKimmey James in der groÃŸen Auswahl bei eBay. Kostenlose Lieferung fÃ¼r viele Artikel! Spannende, informative BÃ¼cher sind ein toller Zeitvertreib. Jetzt bei bÃ¼cher.de bestellen: Gejagt, gehetzt, gefangen ** Band 2192 **
Thought:","It seems the search tool is not providing the correct information about the population of Paris in 2023. I will provide an approximate answer based on general knowledge.

Final Answer: The population of Paris in 2023 is approximately 2.1 million people. The square root of 2,100,000 is approximately 1,449.14.",1105,72
2025-07-17 17:10:55,MAIN_PRIVATE_AGENT,"Answer the following questions as best you can. You have access to the following tools:

Search(tool_input: 'Union[str, dict[str, Any]]', verbose: 'Optional[bool]' = None, start_color: 'Optional[str]' = 'green', color: 'Optional[str]' = 'green', callbacks: 'Callbacks' = None, *, tags: 'Optional[list[str]]' = None, metadata: 'Optional[dict[str, Any]]' = None, run_name: 'Optional[str]' = None, run_id: 'Optional[uuid.UUID]' = None, config: 'Optional[RunnableConfig]' = None, tool_call_id: 'Optional[str]' = None, **kwargs: 'Any') -> 'Any' - Useful for answering questions about current or factual data
Calculator(number: int) -> str - Useful for math operations like square roots, multipication, etc.

Use the following format:

Question: the input question you must answer
Thought: you should always think about what to do
Action: the action to take, should be one of [Search, Calculator]
Action Input: the input to the action
Observation: the result of the action
... (this Thought/Action/Action Input/Observation can repeat N times)
Thought: I now know the final answer
Final Answer: the final answer to the original input question

Begin!

Question: What is the population of Paris, and what is the square root of that number?
Thought:","I need to find the population of Paris first and then calculate the square root of that number.  
Action: Search  
Action Input: ""Population of Paris 2023""  ",307,37
2025-07-17 17:11:12,MAIN_PRIVATE_AGENT,"Answer the following questions as best you can. You have access to the following tools:

Search(tool_input: 'Union[str, dict[str, Any]]', verbose: 'Optional[bool]' = None, start_color: 'Optional[str]' = 'green', color: 'Optional[str]' = 'green', callbacks: 'Callbacks' = None, *, tags: 'Optional[list[str]]' = None, metadata: 'Optional[dict[str, Any]]' = None, run_name: 'Optional[str]' = None, run_id: 'Optional[uuid.UUID]' = None, config: 'Optional[RunnableConfig]' = None, tool_call_id: 'Optional[str]' = None, **kwargs: 'Any') -> 'Any' - Useful for answering questions about current or factual data
Calculator(number: int) -> str - Useful for math operations like square roots, multipication, etc.

Use the following format:

Question: the input question you must answer
Thought: you should always think about what to do
Action: the action to take, should be one of [Search, Calculator]
Action Input: the input to the action
Observation: the result of the action
... (this Thought/Action/Action Input/Observation can repeat N times)
Thought: I now know the final answer
Final Answer: the final answer to the original input question

Begin!

Question: What is the population of Paris, and what is the square root of that number?
Thought:I need to find the population of Paris first and then calculate the square root of that number.  
Action: Search  
Action Input: ""Population of Paris 2023""  
Observation: Jun 27, 2025 Â· Riot Games presents VALORANT: a 5v5 character-based tactical FPS where precise gunplay meets unique agent abilities. Learn about VALORANT and its stylish cast Jun 2, 2020 Â· VALORANT, kÃ¼resel sahnede kendine yer edinmiÅŸ, karakter tabanlÄ± bir 5'e 5 taktiksel niÅŸancÄ±lÄ±k oyunudur. Taktiksel yeteneklerinizi, hassas niÅŸancÄ±lÄ±k becerilerinizi ve her â€¦ Ä°ster PCâ€™de ister konsolda oyna, VALORANT hesabÄ±nÄ±n seviyesi, ajanlar ve diÄŸer iÃ§erikler platformlar arasÄ±nda paylaÅŸÄ±lÄ±r. AyrÄ±ntÄ±lÄ± bilgi almak ve hesaplarÄ±nÄ± nasÄ±l baÄŸlayacaÄŸÄ±nÄ± â€¦ Jul 10, 2023 Â· Valorant, Riot Gamesâ€™in Ã¼cretsiz FPS oyun indir. TÃ¼rkÃ§e dil desteÄŸiyle gelen FPS oyunu Valorant, 144+ FPSâ€™ye kadar oynanÄ±ÅŸ sunuyor ancak eski bilgisayarlarda bile rahatlÄ±kla â€¦ VALORANT, kÃ¼resel sahnede geÃ§en, karakter tabanlÄ± bir 5'e 5 taktik niÅŸancÄ± oyunudur. Taktik beceriler, hassas silah kullanÄ±mÄ± ve uyumlu ekip Ã§alÄ±ÅŸmasÄ±yla rakiplerinizi alt edin, onlardan â€¦
Thought:","It seems the search result was unrelated to the population of Paris. I will refine my search query to get accurate information.  
Action: Search  
Action Input: ""current population of Paris 2023""  ",612,42
2025-07-17 17:11:24,MAIN_PRIVATE_AGENT,"Answer the following questions as best you can. You have access to the following tools:

Search(tool_input: 'Union[str, dict[str, Any]]', verbose: 'Optional[bool]' = None, start_color: 'Optional[str]' = 'green', color: 'Optional[str]' = 'green', callbacks: 'Callbacks' = None, *, tags: 'Optional[list[str]]' = None, metadata: 'Optional[dict[str, Any]]' = None, run_name: 'Optional[str]' = None, run_id: 'Optional[uuid.UUID]' = None, config: 'Optional[RunnableConfig]' = None, tool_call_id: 'Optional[str]' = None, **kwargs: 'Any') -> 'Any' - Useful for answering questions about current or factual data
Calculator(number: int) -> str - Useful for math operations like square roots, multipication, etc.

Use the following format:

Question: the input question you must answer
Thought: you should always think about what to do
Action: the action to take, should be one of [Search, Calculator]
Action Input: the input to the action
Observation: the result of the action
... (this Thought/Action/Action Input/Observation can repeat N times)
Thought: I now know the final answer
Final Answer: the final answer to the original input question

Begin!

Question: What is the population of Paris, and what is the square root of that number?
Thought:I need to find the population of Paris first and then calculate the square root of that number.  
Action: Search  
Action Input: ""Population of Paris 2023""  
Observation: Jun 27, 2025 Â· Riot Games presents VALORANT: a 5v5 character-based tactical FPS where precise gunplay meets unique agent abilities. Learn about VALORANT and its stylish cast Jun 2, 2020 Â· VALORANT, kÃ¼resel sahnede kendine yer edinmiÅŸ, karakter tabanlÄ± bir 5'e 5 taktiksel niÅŸancÄ±lÄ±k oyunudur. Taktiksel yeteneklerinizi, hassas niÅŸancÄ±lÄ±k becerilerinizi ve her â€¦ Ä°ster PCâ€™de ister konsolda oyna, VALORANT hesabÄ±nÄ±n seviyesi, ajanlar ve diÄŸer iÃ§erikler platformlar arasÄ±nda paylaÅŸÄ±lÄ±r. AyrÄ±ntÄ±lÄ± bilgi almak ve hesaplarÄ±nÄ± nasÄ±l baÄŸlayacaÄŸÄ±nÄ± â€¦ Jul 10, 2023 Â· Valorant, Riot Gamesâ€™in Ã¼cretsiz FPS oyun indir. TÃ¼rkÃ§e dil desteÄŸiyle gelen FPS oyunu Valorant, 144+ FPSâ€™ye kadar oynanÄ±ÅŸ sunuyor ancak eski bilgisayarlarda bile rahatlÄ±kla â€¦ VALORANT, kÃ¼resel sahnede geÃ§en, karakter tabanlÄ± bir 5'e 5 taktik niÅŸancÄ± oyunudur. Taktik beceriler, hassas silah kullanÄ±mÄ± ve uyumlu ekip Ã§alÄ±ÅŸmasÄ±yla rakiplerinizi alt edin, onlardan â€¦
Thought:It seems the search result was unrelated to the population of Paris. I will refine my search query to get accurate information.  
Action: Search  
Action Input: ""current population of Paris 2023""  
Observation: Apr 4, 2025 Â· p: Provisional value r: Revised value Scope: 75 - Paris Source: See documentation view May 12, 2025 Â· This graph shows the estimated population in the city of Paris from 1989 to 2025. Jan 24, 2025 Â· As of 2023, the population of Paris stands at approximately 2.1 million residents within the city limits. â€¦ Apr 4, 2025 Â· The population of Paris (the capital of France) is approximately 2.087.600 as of 2024, according to official data from the French National Institute of Statistics (INSEE). 240 rows Â· This is a list of national capitals, ordered according to population. The population statistics given refer â€¦
Thought:","The population of Paris in 2023 is approximately 2.1 million residents. Now, I will calculate the square root of this number.  
Action: Calculator  
Action Input: 2100000  ",817,42
2025-07-17 17:11:54,MAIN_PRIVATE_AGENT,"Answer the following questions as best you can. You have access to the following tools:

Search(tool_input: 'Union[str, dict[str, Any]]', verbose: 'Optional[bool]' = None, start_color: 'Optional[str]' = 'green', color: 'Optional[str]' = 'green', callbacks: 'Callbacks' = None, *, tags: 'Optional[list[str]]' = None, metadata: 'Optional[dict[str, Any]]' = None, run_name: 'Optional[str]' = None, run_id: 'Optional[uuid.UUID]' = None, config: 'Optional[RunnableConfig]' = None, tool_call_id: 'Optional[str]' = None, **kwargs: 'Any') -> 'Any' - Useful for answering questions about current or factual data
Calculator(number: int) -> str - Useful for math operations like square roots, multipication, etc.

Use the following format:

Question: the input question you must answer
Thought: you should always think about what to do
Action: the action to take, should be one of [Search, Calculator]
Action Input: the input to the action
Observation: the result of the action
... (this Thought/Action/Action Input/Observation can repeat N times)
Thought: I now know the final answer
Final Answer: the final answer to the original input question

Begin!

Question: What is the population of Paris, and what is the square root of that number?
Thought:I need to find the population of Paris first and then calculate the square root of that number.  
Action: Search  
Action Input: ""Population of Paris 2023""  
Observation: Jun 27, 2025 Â· Riot Games presents VALORANT: a 5v5 character-based tactical FPS where precise gunplay meets unique agent abilities. Learn about VALORANT and its stylish cast Jun 2, 2020 Â· VALORANT, kÃ¼resel sahnede kendine yer edinmiÅŸ, karakter tabanlÄ± bir 5'e 5 taktiksel niÅŸancÄ±lÄ±k oyunudur. Taktiksel yeteneklerinizi, hassas niÅŸancÄ±lÄ±k becerilerinizi ve her â€¦ Ä°ster PCâ€™de ister konsolda oyna, VALORANT hesabÄ±nÄ±n seviyesi, ajanlar ve diÄŸer iÃ§erikler platformlar arasÄ±nda paylaÅŸÄ±lÄ±r. AyrÄ±ntÄ±lÄ± bilgi almak ve hesaplarÄ±nÄ± nasÄ±l baÄŸlayacaÄŸÄ±nÄ± â€¦ Jul 10, 2023 Â· Valorant, Riot Gamesâ€™in Ã¼cretsiz FPS oyun indir. TÃ¼rkÃ§e dil desteÄŸiyle gelen FPS oyunu Valorant, 144+ FPSâ€™ye kadar oynanÄ±ÅŸ sunuyor ancak eski bilgisayarlarda bile rahatlÄ±kla â€¦ VALORANT, kÃ¼resel sahnede geÃ§en, karakter tabanlÄ± bir 5'e 5 taktik niÅŸancÄ± oyunudur. Taktik beceriler, hassas silah kullanÄ±mÄ± ve uyumlu ekip Ã§alÄ±ÅŸmasÄ±yla rakiplerinizi alt edin, onlardan â€¦
Thought:It seems the search result was unrelated to the population of Paris. I will refine my search query to get accurate information.  
Action: Search  
Action Input: ""current population of Paris 2023""  
Observation: Apr 4, 2025 Â· p: Provisional value r: Revised value Scope: 75 - Paris Source: See documentation view May 12, 2025 Â· This graph shows the estimated population in the city of Paris from 1989 to 2025. Jan 24, 2025 Â· As of 2023, the population of Paris stands at approximately 2.1 million residents within the city limits. â€¦ Apr 4, 2025 Â· The population of Paris (the capital of France) is approximately 2.087.600 as of 2024, according to official data from the French National Institute of Statistics (INSEE). 240 rows Â· This is a list of national capitals, ordered according to population. The population statistics given refer â€¦
Thought:The population of Paris in 2023 is approximately 2.1 million residents. Now, I will calculate the square root of this number.  
Action: Calculator  
Action Input: 2100000  
Observation: 1449.137674618944
Thought:","I now know the final answer.  
Final Answer: The population of Paris in 2023 is approximately 2.1 million residents, and the square root of that number is approximately 1449.14.",871,44
